<?xml version="1.0" encoding="UTF-8"?>
<project-private xmlns="http://www.netbeans.org/ns/project-private/1">
    <editor-bookmarks xmlns="http://www.netbeans.org/ns/editor-bookmarks/2" lastBookmarkId="0"/>
    <open-files xmlns="http://www.netbeans.org/ns/projectui-open-files/2">
        <group>
            <file>file:/Users/etudiant/Documents/Isanum1/Projet/SAE1/ecoquizz/guide.html</file>
            <file>file:/Users/etudiant/Documents/Isanum1/Projet/SAE1/ecoquizz/style.css</file>
            <file>file:/Users/etudiant/Documents/Isanum1/Projet/SAE1/ecoquizz/resultat.php</file>
            <file>file:/Users/etudiant/Documents/Isanum1/Projet/SAE1/ecoquizz/index.html</file>
            <file>file:/Users/etudiant/Documents/Isanum1/Projet/SAE1/ecoquizz/quiz.php</file>
        </group>
    </open-files>
</project-private>
